Name,Address
Amante Coffee,"1035 Walnut StBoulder, CO 80302"
Arcana Restaurant,"909 Walnut StBoulder, CO 80302"
The Attic Bar & Bistro,"949 Walnut StBoulder, CO 80302"
Bohemian Biergarten,"2017 13th StBoulder, CO 80302"
Boulder ChopHouse & Tavern,"921 Walnut StSuite 100Boulder, CO 80302"
Brasserie Ten Ten,"1011 Walnut StBoulder, CO 80302"
Centro Mexican Kitchen,"950 Pearl StBoulder, CO 80302"
The Cheesecake Factory,"1401 Pearl StSuite 100Boulder, CO 80302"
The Corner Bar,"2115 13th StBoulder, CO 80302"
Eureka!,"1048 Pearl StSuite 105Boulder, CO 80302"
Foolish Craig's Cafe,"1611 Pearl StBoulder, CO 80302"
Hapa Sushi Grill & Sake Bar,"1117 Pearl StBoulder, CO 80302"
Illegal Pete's,"1447 Pearl StBoulder, CO 80302"
Japango,"1136 Pearl StBoulder, CO 80302"
Jax Fish House,"928 Pearl StBoulder, CO 80302"
Jill's Restaurant & Bistro,"900 Walnut StBoulder, CO 80302"
The Kitchen,"1039 Pearl StBoulder, CO 80302"
Lazy Dog Sports Bar & Grill,"1346 Pearl StBoulder, CO 80302"
Leaf Vegetarian Restaurant,"2010 16th StBoulder, CO 80302"
License No. 1,"2115 13th StBoulder, CO 80302"
Mateo,"1837 Pearl StBoulder, CO 80302"
The Mediterranean,"1002 Walnut StBoulder, CO 80302"
Mountain Sun Pub & Brewery,"1535 Pearl StBoulder, CO 80302"
Next Door,"1035 Pearl StBoulder, CO 80302"
Nick-N-Willy's Pizza,"801 Pearl StBoulder, CO 80302"
OAK at fourteenth,"1400 Pearl StBoulder, CO 80302"
Pasta Jay's,"1001 Pearl StBoulder, CO 80302"
Pizzeria Locale,"1730 Pearl StBoulder, CO 80302"
PMG,"2018 10th StBoulder, CO 80302"
Press Play,"1005 Pearl StBoulder, CO 80302"
Riffs Urban Fare,"1115 Pearl StBoulder, CO 80302"
Rio Grande Mexican Restaurant,"1101 Walnut StBoulder, CO 80302"
Rueben's Burger Bistro,"1800 BroadwaySuite 150Boulder, CO 80302"
SALT the Bistro,"1047 Pearl StBoulder, CO 80302"
Sforno Trattoria Romana,"1308 Pearl StBoulder, CO 80302"
Sherpa's Adventurers Restaurant & Bar,"825 Walnut StBoulder, CO 80302"
Sushi Zanmai,"1221 Spruce StBoulder, CO 80302"
T/ACO,"1175 Walnut StBoulder, CO 80302"
Tahona Tequila Bistro,"1035 Pearl StBoulder, CO 80302"
Ted's Montana Grill,"1701 Pearl StBoulder, CO 80302"
Upstairs,"1039 Pearl StBoulder, CO 80302"
West End Tavern,"926 Pearl StBoulder, CO 80302"
West Flanders Brewing Company,"1125 Pearl StBoulder, CO 80302"
Wild Standard,"1043 Pearl StBoulder, CO 80302"
Alfalfa's,1651 Broadway Boulder CO
Brewing Market Coffee,1918 13th St Boulder CO
Chipotle Mexican Grill,919 Pearl St Boulder CO
Dish Gourmet,1918 Pearl St Boulder CO
Kasa Japanese Grill & Bar,1468 Pearl St Boulder CO
Laughing Goat Coffeehouse,1709 Pearl St Boulder CO
Lolita's Market & Deli,800 Pearl St Boulder CO
Pearl Street Pub & Cellar,1108  Pearl St Boulder CO
"Snooze, an A.M. Eatery",1617  Pearl St Boulder CO
The Unseen Bean,2052 Broadway Boulder CO
Zoe Ma Ma,2010 10th St Boulder CO
The Bitter Bar,835 Walnut St Boulder CO
Boulder Dushanbe Teahouse,1770 13th St Boulder CO
Falafel King,1314 Pearl St Boulder CO
Frasca Food & Wine,1738 Pearl St Boulder CO
Mustard's Last Stand,1719 Broadway Boulder CO
"Piece, Love & Chocolate",805 Pearl St Boulder CO
River and Woods,2328 Pearl St Boulder CO
Spruce Confections,767 Pearl St Boulder CO
Arabesque,1634 Walnut St Boulder CO
The Cup - Espresso Cafe,1521 Pearl St Boulder CO
Fior Di Latte,1433 Pearl St Boulder CO
Glacier Homemade Ice Cream (cart),1400 Pearl St Boulder CO
Jaipur Indian Restaurant,1214 Walnut St Boulder CO
L'Atelier,1739 Pearl St Boulder CO
Pizza Colore,1336 Pearl St Boulder CO
T & Cakes,1932 14th St Boulder CO
The Sink,"1165 13th St, Boulder, CO 80302"
Twisted Pine Brewing Co,"3201 Walnut St Ste A, Boulder, CO 80301"
Boulder Beer Company,"5401, 2880 Wilderness Pl, Boulder, CO 80301"
Zolo Southwestern Grill,"2525 Arapahoe Ave, Boulder, CO 80302"
Rincon Argentino,2525 Arapahoe Ave The Village - A05 Boulder CO
Buff Restaurant,2600 Canyon Blvd Boulder CO
Dougs Day Diner,2400 Arapahoe Ave Arapahoe and Folsom Ave Boulder CO
Village Coffee Shop,1605 Folsom St Boulder CO
Frasca Food & Wine,1738 Pearl St Boulder CO
Larkburger,2525 Arapahoe Road Boulder CO
Half Fast Subs,1215 13th St Ste A Boulder CO
Kalita Grill Greek Cafe,"2426 Arapahoe Ave 2426 Arapahoe Ave, Boulder, 80302, Boulder, Colorado Boulder CO"
Rincon Del Sol,2350 Arapahoe Ave Boulder CO
Ado's Kitchen & Bar,1143 13th St On the Hill Boulder CO
Tiffins India Cafe,2416 Arapahoe Ave Boulder CO
Snarfburger,2000 Arapahoe Ave Boulder CO
Native Foods Cafe,1675 29th St Unit 1272 Boulder CO
Backcountry Pizza & Tap House,2319 Arapahoe Avenue Boulder CO
Thyme On The Creek,1345 28th St Millennium Harvest House Boulder CO
Le Peep,2525 Arapahoe Ave Unit E50 Boulder CO
Sip,2810 E College Ave Ste 3 Boulder CO
Woodgrain Bagels,2525A Arapahoe Ave Boulder CO
Cedars Lounge,1345 28th St Boulder CO
Aloy Thai,2720 Canyon Blvd Boulder CO
Tibet Kitchen,2359 Arapahoe Ave Boulder CO
Silver Mine Subs,1100 28th St Boulder CO
Flower Child,2580 Arapahoe Ave # 110 Boulder CO
Rush Bowls,1207 13th St Boulder CO
Cafe Aion,1235 Pennsylvania Ave Boulder CO
Innisfree Poetry Bookstore & Cafe,1203 13th St Boulder CO
Insomnia Cookies,1203 13th St #2 Boulder CO
Sushi Hana,1220 Pennsylvania Ave Boulder CO
Ado's Kitchen & Bar,1143 13th St On the Hill Boulder CO
Project Pie,1155 13th St Boulder CO
Five Guys,1143 13th St Boulder CO
Illegal Pete's,1124 13th Street Boulder CO
The Corner,1100 13th St Boulder CO
Roxie's Tacos,1135 Broadway #102 Boulder CO
The Point Cafe,1101 13th St Boulder CO
Boss Lady Pizza,1129 13th St Boulder CO
Terra Thai,1121 Broadway Ste 103 Boulder CO
Cheba Hut Toasted Subs,1313 College Ave Boulder CO
Lollicup Boulder,1142 13th St Boulder CO
You & Mee Noodle House,1311 Broadway Boulder CO
Fat Shack Boulder,1110 13th St Boulder CO
Abo's Pizza On The Hill,1110 13th St Boulder CO
Salvaggio's Deli,1107 13th St Boulder CO
Yeye Cafe,13th St & College Boulder CO
Tra-Ling's Oriental Cafe,1305 Broadway Boulder CO
Bova's Pantry,1325 Broadway Boulder CO
Bento-Ria,1325 Broadway Boulder CO
Avery Brewing Company,"4910 Nautilus Ct N, Boulder, CO 80301"
Blackbelly Market,"1606 Conestoga St #3, Boulder, CO 80301"
Via Perla,"901 Pearl St, Boulder, CO 80302"
Southern Sun Pub and Brewery,"627 S Broadway E, Boulder, CO 80305"
FATE Brewing Company,"1600 38th St, Boulder, CO 80301"
Roadhouse Boulder Depot,"2366 Junction Pl, Boulder, CO 80301"
Vina Pho and Grill,"1630 30th St, Boulder, CO 80303"
A Cup of Peace,"3216 Arapahoe Ave # B, Boulder, CO 80303"
BRU Handbuilt Ales and Eats,"5290 Arapahoe Ave, Boulder, CO 80303"
Pica's Mexican Taqueria,"5360 Arapahoe Ave f, Boulder, CO 80303"
Le Frigo Deli and Previsions,"5360 Arapahoe Avenue Ste B2, Boulder, CO 80303"
Gondolier Italian Eatery,"4800 Baseline Rd A104, Boulder, CO 80303"
Lucky's Cafe ,"3980 Broadway St Ste 107, Boulder, CO 80304-1164"
Dagabi,"3970 Broadway St, Boulder, CO 80304-1135"
La Choza,"3365 Diagonal Hwy, 4457 Broadway St, Boulder, CO 80301-1883"
Pupusas Sabor Hispano,"4457 Broadway St, Boulder, CO 80304-0505"
Zenza,"4479 Broadway St, Boulder, CO 80304-0503"
Mandala Infusion,"4479 North Broadway, Boulder, CO 80304-0503"
Restaurant 4580,"4580 Broadway St, Boulder, CO 80304-4802"
Bacco Trattoria,"1200 Yarmouth Ave, Boulder, CO 80304-4803"
Proto's Pizza,"4670 Broadway St, Boulder, CO 80304-0510"
Decadent Saint/Wild Cider Tasting room,"1501 Lee Hill Drive, Boulder, CO 80304-0583"
Wapos,"4929 Broadway St, Ste a, Boulder, CO 80304-0529"
Walnut Brewery,"1123 Walnut St, Boulder, CO 80302"
Upslope Brewing,"1501 Lee Hill Dr, Boulder, CO 80304"
The Taj,"2630 Baseline Rd, Boulder, CO 80305"
Squared Pizza + Beer,"1123 Walnut St, Boulder, CO 80302"
Red Agave Tequileria Cantina and Calaca Bar,"2845 28th St, Boulder, CO 80301"
,
,
,
,
,
,
,
,
,
,
,
,
,
,
,
,
,
,
,
,
,
,
,
,
,
,
,
,
,
,
,
,
,
